currency,sellerRating,Duration,ClosePrice,OpenPrice,Competitive
US,3249,5,0.01,0.01,0
US,3249,5,0.01,0.01,0
US,3249,5,0.01,0.01,0
US,3249,5,0.01,0.01,0
US,3249,5,0.01,0.01,0
US,3249,5,0.01,0.01,0
US,3249,5,0.01,0.01,0
US,3249,5,0.01,0.01,0
US,3249,5,0.01,0.01,0
US,3249,5,0.01,0.01,0
US,3249,5,0.01,0.01,0
US,3249,5,0.01,0.01,0
US,3249,5,0.01,0.01,0
US,3249,5,0.01,0.01,0
US,3249,5,0.01,0.01,0
US,3249,5,0.01,0.01,0
US,3115,7,0.01,0.01,0
US,3115,7,0.01,0.01,0
US,3115,7,0.01,0.01,0
US,3115,7,0.01,0.01,0
US,3115,7,0.01,0.01,1
US,3115,7,0.01,0.01,1
US,3249,5,0.06,0.01,1
US,3249,5,0.1,0.01,1
US,3249,5,0.11,0.01,1
US,3249,5,0.17,0.01,1
US,3249,5,0.17,0.01,1
US,3249,5,0.21,0.01,1
US,3249,5,0.55,0.01,1
US,3249,5,0.55,0.01,1
US,3249,5,1.05,0.01,1
US,3249,5,1.25,0.01,1
US,3249,5,1.25,0.01,1
US,3249,5,1.25,0.01,1
US,3249,5,1.25,0.01,1
US,3249,5,1.29,0.01,1
US,3249,5,1.3,0.01,1
US,3249,5,1.32,0.01,1
US,3249,5,1.32,0.01,1
US,3249,5,1.37,0.01,1
US,3249,5,1.5,0.01,1
US,3249,5,1.58,0.01,1
US,3249,5,1.75,0.01,1
US,3249,5,2,0.01,1
US,3249,5,2,0.01,1
US,3249,5,2,0.01,1
US,3249,5,2.05,0.01,1
US,3249,5,2.13,0.01,1
US,3249,5,2.25,0.01,1
US,3249,5,2.25,0.01,1
US,3249,5,2.3,0.01,1
US,3115,7,2.31,0.01,1
US,3249,5,2.33,0.01,1
US,3249,5,2.8,0.01,1
US,3249,5,3,0.01,1
US,3249,5,3,0.01,1
US,3249,5,3.01,0.01,1
US,3249,5,3.06,0.01,1
US,3249,5,3.08,0.01,1
US,3249,5,3.25,0.01,1
US,3249,5,3.25,0.01,1
US,3249,5,3.25,0.01,1
US,3249,5,3.25,0.01,1
US,3249,5,3.26,0.01,1
US,3249,5,3.27,0.01,1
US,3249,5,3.3,0.01,1
US,3249,5,3.31,0.01,1
US,3249,5,3.36,0.01,1
US,3249,5,3.5,0.01,1
US,3249,5,3.55,0.01,1
US,3249,5,3.75,0.01,1
US,3249,5,3.75,0.01,1
US,3249,5,3.76,0.01,1
US,3249,5,3.8,0.01,1
US,3249,5,3.8,0.01,1
US,3249,5,3.84,0.01,1
US,3249,5,4.17,0.01,1
US,3249,5,4.25,0.01,1
US,3249,5,4.25,0.01,1
US,3249,5,4.25,0.01,1
US,3249,5,4.25,0.01,1
US,3249,5,4.29,0.01,1
US,3249,5,4.31,0.01,1
US,3249,5,4.4,0.01,1
US,3249,5,4.54,0.01,1
US,3249,5,4.75,0.01,1
US,3249,5,4.9,0.01,1
US,3249,5,5,0.01,1
US,3249,5,5,0.01,1
US,3249,5,5.01,0.01,1
US,3249,5,5.5,0.01,1
US,3249,5,5.5,0.01,1
US,3249,5,5.5,0.01,1
US,3249,5,5.52,0.01,1
US,3249,5,5.52,0.01,1
US,3249,5,6,0.01,1
US,3249,5,6.01,0.01,1
US,3249,5,6.15,0.01,1
US,3249,5,6.18,0.01,1
US,3249,5,6.5,0.01,1
US,3249,5,6.5,0.01,1
US,3249,5,6.5,0.01,1
US,3249,5,6.5,0.01,1
GBP,29,7,11.6,0.02,1
US,3249,5,6.55,0.01,1
US,3249,5,6.71,0.01,1
US,3249,5,7,0.01,1
US,3249,5,7,0.01,1
US,3249,5,7,0.01,1
US,3249,5,7.05,0.01,1
US,3249,5,7.5,0.01,1
US,3249,5,7.5,0.01,1
US,3249,5,7.5,0.01,1
US,3249,5,7.51,0.01,1
US,3249,5,7.55,0.01,1
US,3249,5,8.01,0.01,1
US,3249,5,8.05,0.01,1
US,3249,5,8.05,0.01,1
US,3249,5,8.26,0.01,1
US,3249,5,8.49,0.01,1
US,3249,5,8.5,0.01,1
US,3249,5,8.5,0.01,1
US,3249,5,9.39,0.01,1
US,3249,5,9.5,0.01,1
US,3249,5,9.99,0.01,1
US,3249,5,10,0.01,1
US,3249,5,10,0.01,1
US,3249,5,10.5,0.01,1
US,3249,5,10.5,0.01,1
US,3249,5,10.5,0.01,1
US,352,7,11.5,0.01,1
US,3249,5,11.55,0.01,1
US,3249,5,11.71,0.01,1
US,3249,5,15.5,0.01,1
GBP,2991,7,0.98,0.53,1
US,3249,5,18,0.01,1
US,3249,5,18.5,0.01,1
US,1,5,20.7,0.01,1
US,1,5,22,0.01,1
US,1,5,23.65,0.01,1
US,5450,3,26,0.01,1
US,1,5,26,0.01,1
US,3249,5,27,0.01,1
GBP,1029,7,1.07,1.07,0
GBP,1029,7,1.07,1.07,0
GBP,2991,7,2.14,0.53,1
GBP,2991,7,2.16,0.54,1
US,1,5,43,0.01,1
US,1,5,46.02,0.01,1
US,30,7,0.7,0.7,0
GBP,1029,7,1.25,1.25,0
GBP,1029,7,1.25,1.25,0
GBP,1029,7,1.25,1.25,0
GBP,1029,7,1.25,1.25,1
GBP,70,7,1.86,0.89,1
US,1,5,52.02,0.01,1
US,1,5,61.05,0.01,1
US,4,5,62,0.01,1
GBP,2991,7,3.93,0.54,1
GBP,1029,7,1.7,1.25,1
GBP,2991,7,5.18,0.54,1
US,411,3,0.99,0.99,1
US,793,3,0.99,0.99,1
US,3277,3,0.99,0.99,0
US,3277,3,0.99,0.99,0
US,3277,3,0.99,0.99,0
US,841,5,0.99,0.99,0
US,841,5,0.99,0.99,0
US,841,5,0.99,0.99,0
US,841,5,0.99,0.99,0
US,841,5,0.99,0.99,1
US,2220,5,0.99,0.99,0
US,109,7,0.99,0.99,0
GBP,149,7,1.77,1.77,0
GBP,149,7,1.77,1.77,0
GBP,215,7,1.77,1.77,0
US,2695,7,0.99,0.99,0
US,2695,7,0.99,0.99,0
US,2695,7,0.99,0.99,0
US,2695,7,0.99,0.99,0
US,2695,7,0.99,0.99,0
GBP,2991,7,1.77,1.77,0
GBP,2991,7,1.77,1.77,0
GBP,2991,7,1.77,1.77,0
GBP,2991,7,1.77,1.77,0
GBP,3380,7,1.77,1.77,0
GBP,3380,7,1.77,1.77,1
US,3385,7,0.99,0.99,0
US,4790,7,0.99,0.99,0
US,743,3,1,1,1
EUR,9,5,1.23,1.23,0
US,113,5,1,1,0
EUR,158,5,1.23,1.23,0
EUR,410,5,1.23,1.23,0
EUR,666,5,1.23,1.23,0
EUR,865,5,1.23,1.23,0
EUR,865,5,1.23,1.23,0
EUR,1301,5,1.23,1.23,0
EUR,27,7,1.23,1.23,0
EUR,27,7,1.23,1.23,0
EUR,29,7,1.23,1.23,0
EUR,41,7,1.23,1.23,0
EUR,104,7,1.23,1.23,0
EUR,104,7,1.23,1.23,0
EUR,858,7,1.23,1.23,0
US,1317,7,1,1,1
EUR,1515,7,1.23,1.23,0
EUR,1550,7,1.23,1.23,0
EUR,1550,7,1.23,1.23,0
EUR,1550,7,1.23,1.23,0
EUR,1550,7,1.23,1.23,0
EUR,1550,7,1.23,1.23,0
EUR,2162,7,1.23,1.23,0
EUR,2162,7,1.23,1.23,1
GBP,5292,7,1.78,1.78,0
GBP,5292,7,1.78,1.78,0
EUR,23,10,1.23,1.23,0
EUR,54,10,1.23,1.23,0
EUR,89,10,1.23,1.23,0
EUR,100,10,1.23,1.23,0
EUR,165,10,1.23,1.23,0
EUR,279,10,1.23,1.23,0
EUR,684,10,1.23,1.23,0
EUR,865,10,1.23,1.23,0
EUR,865,10,1.23,1.23,0
EUR,865,10,1.23,1.23,0
EUR,865,10,1.23,1.23,0
EUR,1075,10,1.23,1.23,0
EUR,1386,10,1.23,1.23,0
EUR,1645,10,1.23,1.23,0
EUR,1645,10,1.23,1.23,0
EUR,1853,10,1.23,1.23,0
EUR,1853,10,1.23,1.23,0
EUR,1853,10,1.23,1.23,0
EUR,2163,10,1.23,1.23,0
EUR,2404,10,1.23,1.23,0
EUR,2638,10,1.23,1.23,0
EUR,2638,10,1.23,1.23,0
EUR,2638,10,1.23,1.23,0
EUR,2638,10,1.23,1.23,0
EUR,3057,10,1.23,1.23,0
EUR,3375,10,1.23,1.23,0
EUR,3375,10,1.23,1.23,0
EUR,5701,10,1.23,1.23,0
EUR,5701,10,1.23,1.23,0
EUR,5701,10,1.23,1.23,0
EUR,5701,10,1.23,1.23,0
EUR,5701,10,1.23,1.23,0
EUR,5701,10,1.23,1.23,0
EUR,5701,10,1.23,1.23,0
EUR,5701,10,1.23,1.23,1
EUR,5701,10,1.23,1.23,1
GBP,2991,7,1.86,1.77,1
GBP,2991,7,6.6,0.54,1
US,533,7,112.5,0.01,1
US,1,5,112.52,0.01,1
US,1386,3,4.75,0.25,1
GBP,53,7,2.14,1.77,1
US,2695,7,1.25,0.99,1
US,1124,7,1.25,1,1
GBP,1029,7,3.03,1.43,1
GBP,2991,7,8.39,0.54,1
GBP,53,7,2.57,1.77,1
GBP,2991,7,2.57,1.77,1
US,3277,3,1.5,0.99,1
EUR,1550,7,1.84,1.23,1
EUR,1550,7,1.84,1.23,1
EUR,1550,7,1.84,1.23,1
EUR,1550,7,1.84,1.23,1
EUR,1550,7,1.84,1.23,1
EUR,743,10,1.84,1.23,1
EUR,2163,10,1.84,1.23,1
EUR,5701,10,1.84,1.23,1
GBP,3380,7,2.23,2.23,0
GBP,53,7,2.86,1.77,1
GBP,2991,7,9.82,0.54,1
GBP,53,7,3.02,1.77,1
GBP,53,7,3.03,1.76,1
GBP,215,7,3.03,1.76,1
EUR,1033,10,2.08,1.23,1
GBP,53,7,3.12,1.77,1
GBP,53,7,3.39,1.77,1
US,1,5,188.33,0.01,1
EUR,1553,10,1.71,1.71,0
GBP,2991,7,11.6,0.54,1
EUR,1550,7,2.46,1.23,1
EUR,1550,7,2.46,1.23,1
EUR,1550,7,2.46,1.23,1
EUR,2638,10,2.46,1.23,1
GBP,53,7,3.75,1.77,1
GBP,1148,3,3.93,1.77,1
GBP,1148,3,3.93,1.77,1
US,841,5,2.2,0.99,1
GBP,118,7,3.93,1.77,1
GBP,53,7,3.94,1.76,1
EUR,104,7,1.83,1.83,0
GBP,201,7,2.66,2.66,0
US,945,7,1.49,1.49,0
GBP,2731,7,2.66,2.66,0
EUR,1553,10,1.83,1.83,0
GBP,3380,7,2.68,2.68,0
EUR,300,10,1.84,1.84,0
EUR,300,10,1.84,1.84,0
EUR,300,10,1.84,1.84,0
GBP,53,7,4.28,1.77,1
GBP,53,7,4.28,1.77,1
EUR,1301,5,3.07,1.23,1
EUR,104,7,3.07,1.23,1
EUR,765,7,3.07,1.23,1
EUR,1386,10,3.07,1.23,1
EUR,15,10,3.09,1.23,1
GBP,429,3,3.02,2.66,1
GBP,53,7,4.64,1.77,1
GBP,77,7,4.82,1.77,1
US,841,5,2.78,0.99,1
GBP,53,7,5.35,1.77,1
GBP,2731,7,3.57,2.66,1
EUR,1553,10,2.46,1.83,1
EUR,221,7,3.69,1.23,1
EUR,41,10,3.69,1.23,1
EUR,41,10,3.69,1.23,1
EUR,268,10,2.46,1.85,1
EUR,5701,10,3.7,1.23,1
EUR,3057,10,3.75,1.23,1
US,841,5,3.2,0.99,1
GBP,53,7,5.71,1.77,1
GBP,53,7,5.71,1.77,1
US,743,3,3.25,1,1
GBP,2991,7,20.52,0.54,1
EUR,170,7,4.3,1.23,1
EUR,1661,7,4.33,1.23,1
EUR,104,10,4.43,1.23,1
GBP,1954,7,6.62,1.77,1
GBP,293,10,6.62,1.77,1
GBP,1148,3,6.66,1.77,1
US,841,5,4,0.99,1
US,5564,7,4,0.99,1
EUR,72,1,2.45,2.45,0
EUR,72,1,2.45,2.45,0
EUR,105,3,2.45,2.45,0
EUR,681,3,2.45,2.45,0
US,3114,3,1.99,1.99,0
EUR,24,7,2.45,2.45,0
EUR,70,7,2.45,2.45,0
EUR,70,7,2.45,2.45,0
EUR,70,7,2.45,2.45,0
EUR,70,7,2.45,2.45,0
EUR,104,7,2.45,2.45,0
EUR,105,7,2.45,2.45,0
EUR,205,7,2.45,2.45,0
EUR,205,7,2.45,2.45,0
EUR,205,7,2.45,2.45,0
EUR,205,7,2.45,2.45,0
US,212,7,1.99,1.99,0
GBP,2731,7,3.55,3.55,0
GBP,3380,7,3.55,3.55,0
GBP,3380,7,3.55,3.55,0
US,3385,7,1.99,1.99,0
US,3385,7,1.99,1.99,0
US,3385,7,1.99,1.99,0
US,3385,7,1.99,1.99,0
US,3385,7,1.99,1.99,0
US,3385,7,1.99,1.99,0
US,3385,7,1.99,1.99,0
US,3385,7,1.99,1.99,0
EUR,5350,7,2.45,2.45,0
EUR,5350,7,2.45,2.45,0
US,9003,7,1.99,1.99,0
EUR,18,10,2.45,2.45,0
EUR,18,10,2.45,2.45,0
EUR,18,10,2.45,2.45,1
EUR,300,10,2.45,2.45,0
EUR,578,10,2.45,2.45,0
EUR,578,10,2.45,2.45,0
EUR,578,10,2.45,2.45,0
EUR,578,10,2.45,2.45,0
EUR,578,10,2.45,2.45,0
EUR,578,10,2.45,2.45,0
EUR,884,10,2.45,2.45,1
EUR,884,10,2.45,2.45,1
EUR,1545,10,2.45,2.45,0
EUR,1545,10,2.45,2.45,0
EUR,1545,10,2.45,2.45,0
EUR,2382,10,2.45,2.45,0
EUR,2507,10,2.45,2.45,0
EUR,2507,10,2.45,2.45,0
EUR,4366,10,2.45,2.45,0
EUR,5701,10,2.45,2.45,0
EUR,5701,10,2.45,2.45,0
EUR,5701,10,2.45,2.45,0
EUR,5701,10,2.45,2.45,0
EUR,5701,10,2.45,2.45,0
EUR,5827,10,2.45,2.45,0
EUR,5827,10,2.45,2.45,0
EUR,5827,10,2.45,2.45,0
US,3277,3,2,2,1
EUR,1301,5,4.92,1.23,1
US,52,7,2,2,0
EUR,130,7,2.46,2.46,0
GBP,376,7,3.57,3.57,0
US,2695,7,2,2,0
US,2695,7,2,2,0
US,2695,7,2,2,0
US,2695,7,2,2,0
US,2696,7,2,2,0
US,4390,7,2,2,0
GBP,53,7,7.5,1.77,1
GBP,107,10,7.5,1.77,1
GBP,53,7,7.51,1.77,1
US,841,5,4.25,0.99,1
US,841,5,4.25,0.99,1
US,2162,5,2.24,1.99,1
US,3385,7,2.24,1.99,1
US,3385,7,2.24,1.99,1
EUR,54,5,5.53,1.23,1
EUR,1301,7,5.6,1.23,1
EUR,1301,7,5.66,1.23,1
GBP,17,7,8.39,1.77,1
GBP,1842,10,8.39,1.77,1
US,2696,7,2.34,2,1
US,5703,10,9.57,0.5,1
EUR,2507,7,3.06,2.45,1
EUR,1545,10,3.06,2.45,1
EUR,5350,5,3.07,2.44,1
EUR,205,7,3.07,2.44,1
EUR,569,10,3.07,2.44,1
EUR,1545,10,3.07,2.44,1
US,1124,3,2.5,2,1
EUR,83,10,6.47,1.23,1
GBP,3380,7,4.82,3.55,1
US,841,5,5.5,0.99,1
US,841,5,5.5,0.99,1
US,841,5,5.5,0.99,1
GBP,17,7,9.82,1.77,1
GBP,1768,7,9.82,1.77,1
GBP,670,7,9.83,1.77,1
US,3385,7,2.75,1.99,1
US,2695,7,2.75,2,1
EUR,442,10,6.76,1.23,1
EUR,5701,10,6.76,1.23,1
GBP,88,7,9.83,1.78,1
US,3385,7,2.8,1.99,1
US,3277,3,2.8,2,1
EUR,526,10,6.89,1.23,1
US,841,5,6.01,0.99,1
EUR,1545,10,3.69,2.45,1
EUR,1545,10,3.69,2.45,1
EUR,5701,10,3.69,2.45,1
EUR,863,10,3.7,2.45,1
EUR,526,10,7.39,1.23,1
EUR,1545,10,3.73,2.45,1
EUR,920,3,7.59,1.23,1
GBP,105,7,4.44,4.44,0
GBP,105,7,4.44,4.44,0
US,3277,3,6.27,0.99,1
US,510,3,2.5,2.5,0
US,366,5,2.5,2.5,0
EUR,1402,7,3.07,3.07,0
EUR,300,10,3.87,2.44,1
GBP,118,7,11.6,1.77,1
EUR,548,10,7.98,1.23,1
EUR,526,10,7.99,1.23,1
EUR,526,10,7.99,1.23,1
EUR,433,5,4.06,2.45,1
GBP,118,7,11.96,1.77,1
GBP,105,7,4.8,4.44,1
US,3277,3,7,0.99,1
EUR,205,7,4.3,2.44,1
EUR,526,10,8.61,1.23,1
EUR,205,7,4.37,2.45,1
EUR,5701,10,4.43,2.45,1
GBP,17,7,12.94,1.77,1
GBP,105,7,5.16,4.45,1
US,1054,5,9.38,0.77,1
EUR,170,7,9.22,1.23,1
EUR,18,10,9.22,1.23,1
EUR,526,10,9.24,1.23,1
US,3385,7,2.75,2.75,0
US,3385,7,2.75,2.75,0
US,3385,7,2.75,2.75,0
US,3385,7,2.75,2.75,0
US,3385,7,2.75,2.75,0
US,3385,7,2.75,2.75,0
US,3385,7,2.75,2.75,0
US,3385,7,2.75,2.75,0
US,3385,7,2.75,2.75,0
US,3385,7,2.75,2.75,0
US,3385,7,2.75,2.75,0
US,3385,7,2.75,2.75,0
US,3385,7,2.75,2.75,0
US,3385,7,2.75,2.75,0
US,3385,7,2.75,2.75,0
US,3385,7,2.75,2.75,0
US,5564,7,2.79,2.79,0
US,841,5,8,0.99,1
GBP,118,7,14.28,1.77,1
GBP,105,7,5.71,4.44,1
EUR,578,10,4.93,2.45,1
EUR,113,7,9.84,1.23,1
GBP,293,10,5.71,4.46,1
EUR,638,10,9.86,1.23,1
US,2956,3,81.55,0.1,1
GBP,18,7,9.82,2.68,1
GBP,79,7,15.15,1.77,1
US,411,5,8.5,0.99,1
EUR,170,7,10.45,1.23,1
GBP,232,3,5.34,5.34,0
US,638,3,2.99,2.99,0
EUR,315,7,3.68,3.68,0
GBP,3380,7,5.34,5.34,0
GBP,3380,7,5.34,5.34,0
GBP,3380,7,5.34,5.34,0
US,3385,7,2.99,2.99,0
US,3613,7,2.99,2.99,0
US,3613,7,2.99,2.99,1
US,4390,7,2.99,2.99,1
US,5564,7,2.99,2.99,0
US,5564,7,2.99,2.99,0
US,9003,7,2.99,2.99,0
US,9003,7,2.99,2.99,0
US,9003,7,2.99,2.99,0
US,9003,7,2.99,2.99,0
EUR,842,10,11.01,1.23,1
EUR,1545,10,5.53,2.45,1
US,3277,3,3,3,0
US,3277,3,3,3,0
GBP,197,7,5.35,5.35,0
EUR,508,7,11.07,1.23,1
EUR,618,7,3.69,3.69,0
GBP,2189,7,5.35,5.35,0
US,2696,7,3,3,0
GBP,1842,10,5.35,5.35,0
GBP,1842,10,5.35,5.35,0
EUR,5701,10,11.07,1.23,1
EUR,3090,10,5.58,2.45,1
EUR,5827,10,5.72,2.45,1
GBP,2991,7,55.33,0.54,1
US,471,5,9.5,0.99,1
US,841,5,9.5,0.99,1
US,743,3,9.72,1,1
US,2695,7,3.25,3,1
GBP,1148,3,17.85,1.77,1
US,841,5,10,0.99,1
EUR,1545,10,6.15,2.45,1
EUR,1545,10,6.15,2.45,1
EUR,1545,10,6.15,2.45,1
EUR,508,7,12.3,1.23,1
GBP,1148,3,18.74,1.77,1
US,841,5,10.5,0.99,1
GBP,17,7,18.74,1.77,1
US,1054,5,13.51,0.77,1
US,193,5,10.52,0.99,1
US,841,5,10.55,0.99,1
EUR,508,7,12.91,1.23,1
EUR,1853,7,4.3,3.69,1
EUR,1853,7,4.3,3.69,1
US,4390,7,3.27,3.27,0
EUR,4366,7,6.76,2.45,1
EUR,5701,10,6.76,2.45,1
GBP,1180,7,9.82,3.57,1
US,3385,7,4,2.75,1
US,1265,7,3.35,3.35,0
US,1266,7,3.35,3.35,0
GBP,1148,3,20.52,1.77,1
US,390,5,11.5,0.99,1
US,2711,5,11.5,0.99,1
EUR,2168,7,14.14,1.23,1
EUR,1545,10,7.13,2.45,1
EUR,266,5,14.28,1.23,1
GBP,105,7,8.39,4.44,1
EUR,3090,10,7.38,2.45,1
EUR,269,10,14.72,1.23,1
EUR,1545,10,7.43,2.45,1
US,945,7,3.49,3.49,0
US,2349,10,20.5,0.6,1
EUR,5701,10,15.37,1.23,1
GBP,197,7,7.5,5.36,1
US,2459,7,4.24,2.99,1
US,1322,7,12.83,0.99,1
GBP,17,7,23.22,1.77,1
EUR,89,10,8.01,2.45,1
EUR,3090,10,8.01,2.45,1
US,2349,7,3.6,3.6,0
US,2349,7,3.6,3.6,0
US,2349,7,3.6,3.6,0
US,2349,7,3.6,3.6,0
US,2349,7,3.6,3.6,0
US,2349,7,3.6,3.6,0
US,2349,7,3.6,3.6,0
US,2349,7,3.6,3.6,0
US,2349,7,3.6,3.6,0
US,2349,7,3.6,3.6,0
US,2349,7,3.6,3.6,0
US,2349,7,3.6,3.6,0
US,2349,7,3.6,3.6,0
US,2349,7,3.6,3.6,0
US,2349,7,3.6,3.6,0
US,2349,7,3.6,3.6,0
US,2349,7,3.6,3.6,1
US,2349,7,3.6,3.6,1
GBP,1180,7,11.6,3.57,1
EUR,1545,10,8.28,2.45,1
EUR,170,7,16.6,1.23,1
EUR,1301,7,17.01,1.23,1
US,2349,7,3.85,3.6,1
US,2349,7,3.85,3.6,1
US,2349,7,3.85,3.6,1
US,2349,7,3.85,3.6,1
US,2349,7,3.85,3.6,1
US,2349,7,3.85,3.6,1
US,3385,7,3.75,3.75,0
US,3385,7,3.75,3.75,0
US,3385,7,3.75,3.75,0
GBP,105,7,10.08,4.44,1
EUR,2507,7,8.71,2.45,1
EUR,1545,10,8.72,2.45,1
EUR,5701,10,8.76,2.45,1
US,2220,5,14.5,0.99,1
EUR,37,3,17.83,1.23,1
EUR,915,5,17.86,1.23,1
US,2349,7,4.12,3.6,1
EUR,174,10,9.22,2.45,1
EUR,1545,10,9.22,2.45,1
EUR,1545,10,9.22,2.45,1
EUR,299,7,6.15,3.68,1
EUR,71,7,18.58,1.23,1
US,9003,5,3.89,3.89,0
US,9003,7,3.89,3.89,0
US,3385,7,5.51,2.75,1
EUR,578,10,9.42,2.45,1
US,2349,7,4.24,3.6,1
EUR,578,10,9.47,2.45,1
US,454,5,15.5,0.99,1
US,18,7,15.51,0.99,1
EUR,519,5,19.06,1.23,1
US,3385,7,5.69,2.75,1
US,2349,7,4.35,3.6,1
US,2349,7,4.36,3.6,1
US,2349,7,4.36,3.6,1
US,2349,7,4.36,3.6,1
EUR,1545,10,9.84,2.45,1
GBP,232,3,7.12,7.12,1
US,638,5,3.99,3.99,0
EUR,141,7,4.91,4.91,0
US,1155,7,3.99,3.99,0
US,1155,7,3.99,3.99,0
US,1155,7,3.99,3.99,0
US,1464,7,3.99,3.99,0
US,1809,7,3.99,3.99,0
US,3385,7,3.99,3.99,0
US,3385,7,3.99,3.99,0
US,3385,7,3.99,3.99,1
US,3613,7,3.99,3.99,0
US,3613,7,3.99,3.99,0
US,3613,7,3.99,3.99,0
US,3613,7,3.99,3.99,0
US,3613,7,3.99,3.99,0
US,3613,7,3.99,3.99,0
US,3613,7,3.99,3.99,1
US,4390,7,3.99,3.99,0
US,4390,7,3.99,3.99,0
US,4390,7,3.99,3.99,0
US,4390,7,3.99,3.99,0
US,9003,7,3.99,3.99,0
US,9003,7,3.99,3.99,0
US,9003,7,3.99,3.99,0
US,9003,7,3.99,3.99,0
US,9003,7,3.99,3.99,0
US,3277,3,4,4,0
GBP,18,7,7.14,7.14,0
US,115,7,4,4,0
EUR,277,7,4.92,4.92,0
GBP,1180,7,14.28,3.57,1
US,1265,7,4,4,0
EUR,321,10,4.92,4.92,0
EUR,508,7,19.8,1.23,1
GBP,105,7,11.6,4.44,1
US,2349,7,4.51,3.6,1
EUR,1405,10,10.08,2.45,1
US,8101,3,16.5,0.99,1
EUR,889,3,20.14,1.23,1
US,3385,7,5.5,2.99,1
US,3385,7,5.5,2.99,1
EUR,124,7,20.29,1.23,1
US,2349,7,28.04,0.6,1
US,3864,7,4.24,3.99,1
US,2349,7,4.7,3.6,1
US,3613,7,4.25,3.99,1
US,3613,7,4.25,3.99,1
US,1266,7,4.25,4,1
US,5721,3,4.15,4.15,0
US,2349,7,4.81,3.6,1
EUR,1179,10,21.52,1.23,1
EUR,657,10,21.55,1.23,1
US,2349,7,4.94,3.6,1
EUR,351,10,5.53,4.9,1
EUR,1634,10,5.53,4.9,1
EUR,519,7,22.14,1.23,1
EUR,657,10,22.14,1.23,1
US,2349,7,5.01,3.6,1
US,3385,7,5.02,3.75,1
EUR,1545,10,11.68,2.45,1
EUR,1545,10,11.68,2.45,1
GBP,53,7,17.4,3.55,1
US,3385,7,6.5,2.99,1
EUR,241,7,23.97,1.23,1
US,123,7,6.5,3,1
US,3277,3,5.6,3.5,1
US,2349,7,32.69,0.6,1
US,2349,7,5.5,3.6,1
US,2349,7,5.5,3.6,1
US,2349,7,5.51,3.6,1
GBP,71,7,17.85,3.55,1
EUR,227,7,12.3,2.45,1
EUR,657,10,6.16,4.92,1
US,1155,7,4.49,4.49,0
US,2349,7,5.61,3.6,1
US,2349,7,5.61,3.6,1
US,3277,3,4.5,4.5,0
US,4397,7,4.5,4.5,0
US,4397,7,4.5,4.5,0
US,4397,7,4.5,4.5,0
EUR,335,1,25.21,1.23,1
EUR,5701,10,25.38,1.23,1
EUR,5701,10,25.62,1.23,1
EUR,739,3,12.9,2.45,1
EUR,205,7,12.91,2.45,1
EUR,996,7,12.91,2.45,1
EUR,1545,10,12.91,2.45,1
EUR,1545,10,12.91,2.45,1
EUR,478,7,12.97,2.45,1
GBP,88,7,37.51,1.78,1
US,4390,7,5.27,3.99,1
EUR,415,10,26.3,1.23,1
US,3385,7,5.76,3.75,1
US,2349,7,6.01,3.6,1
US,650,7,4.85,4.5,1
EUR,1179,10,26.92,1.23,1
US,337,7,5.5,3.99,1
EUR,6621,10,6.76,4.9,1
US,9003,7,5.51,3.99,1
US,322,5,5.5,4,1
US,2089,3,22.5,0.99,1
EUR,442,7,27.4,1.23,1
US,2349,7,6.19,3.6,1
EUR,5350,7,6.97,4.9,1
US,2349,7,6.4,3.6,1
US,3385,7,8.53,2.75,1
US,1266,7,4.89,4.89,0
EUR,3375,10,14.76,2.46,0
US,3277,3,8.01,3,1
US,843,10,6.05,4,1
EUR,739,3,15.1,2.45,1
US,1059,5,4.95,4.95,0
US,3385,7,4.95,4.95,0
US,3385,7,4.95,4.95,0
US,3385,7,4.95,4.95,0
US,3385,7,4.95,4.95,0
US,3385,7,4.95,4.95,0
US,4390,7,4.95,4.95,0
US,2349,7,6.89,3.6,1
US,8100,1,4.99,4.99,0
US,50,3,4.99,4.99,0
US,237,3,4.99,4.99,0
US,4398,5,4.99,4.99,0
US,4398,5,4.99,4.99,0
US,4398,5,4.99,4.99,0
EUR,141,7,6.14,6.14,0
EUR,141,7,6.14,6.14,0
GBP,309,7,8.91,8.91,0
GBP,632,7,8.91,8.91,0
GBP,632,7,8.91,8.91,0
GBP,632,7,8.91,8.91,0
US,945,7,4.99,4.99,0
US,1155,7,4.99,4.99,0
US,1155,7,4.99,4.99,0
US,1155,7,4.99,4.99,0
US,1155,7,4.99,4.99,0
US,1155,7,4.99,4.99,0
US,1375,7,4.99,4.99,0
US,1375,7,4.99,4.99,0
GBP,1390,7,8.91,8.91,0
US,1809,7,4.99,4.99,0
US,3227,7,4.99,4.99,0
US,3227,7,4.99,4.99,0
US,3385,7,4.99,4.99,0
US,3385,7,4.99,4.99,0
US,4390,7,4.99,4.99,0
US,4390,7,4.99,4.99,0
US,4397,7,4.99,4.99,0
US,4397,7,4.99,4.99,0
US,4397,7,4.99,4.99,0
US,4397,7,4.99,4.99,0
US,4398,7,4.99,4.99,0
US,9003,7,4.99,4.99,0
US,9003,7,4.99,4.99,0
US,9003,7,4.99,4.99,0
US,9003,7,4.99,4.99,0
EUR,351,10,6.14,6.14,0
GBP,365,10,8.91,8.91,0
EUR,1017,10,6.14,6.14,0
EUR,1634,10,6.14,6.14,0
EUR,1634,10,6.14,6.14,0
EUR,533,3,6.15,6.15,0
US,3277,3,5,5,0
US,3277,3,5,5,0
EUR,149,5,6.15,6.15,0
EUR,183,5,6.15,6.15,0
US,326,5,5,5,0
US,673,7,5,5,0
EUR,1853,7,6.15,6.15,0
EUR,1853,7,6.15,6.15,0
EUR,1853,7,6.15,6.15,0
US,2696,7,5,5,0
US,5202,7,5,5,0
EUR,5,10,6.15,6.15,0
EUR,18,10,6.15,6.15,1
EUR,183,10,6.15,6.15,0
EUR,294,10,6.15,6.15,0
EUR,756,10,6.15,6.15,0
EUR,765,10,6.15,6.15,0
EUR,765,10,6.15,6.15,0
EUR,1853,10,6.15,6.15,0
US,1266,7,5.14,4.89,1
US,2349,7,7,3.6,1
EUR,730,3,31.01,1.23,1
US,454,3,26,0.99,1
EUR,2403,5,31.69,1.23,1
EUR,996,7,15.99,2.45,1
US,4390,7,6.5,3.99,1
US,9003,7,5.24,4.99,1
US,1054,5,34.19,0.77,1
EUR,2403,5,32.59,1.23,1
US,1004,3,26.78,0.99,1
US,1265,7,5.5,4.85,1
EUR,569,10,16.59,2.45,1
US,2349,7,7.5,3.6,1
EUR,1635,10,33.67,1.23,1
EUR,286,5,33.82,1.23,1
EUR,533,7,6.76,6.15,1
EUR,595,7,33.82,1.23,1
EUR,5701,10,33.83,1.23,1
US,4398,3,5.25,5.25,0
US,4397,7,5.25,5.25,0
US,2168,3,28,0.99,1
EUR,1310,5,6.85,6.15,1
EUR,1635,10,34.68,1.23,1
EUR,1635,10,34.68,1.23,1
EUR,1,5,35.05,1.23,1
US,3864,7,9.59,2.99,1
US,2349,7,8,3.6,1
EUR,1405,10,17.83,2.45,1
US,380,7,6.5,4.5,1
EUR,595,7,36.28,1.23,1
US,8101,3,30,0.99,1
US,2349,7,8.26,3.6,1
US,3613,7,7.5,3.99,1
US,8100,1,6,4.99,1
GBP,197,7,17.85,5.36,1
GBP,200,7,10.71,8.93,1
US,4390,7,5.49,5.49,0
US,4390,7,5.49,5.49,0
US,3277,3,10.05,3,1
US,3385,7,6.05,4.99,1
EUR,2016,5,7.5,6.09,1
US,4398,5,5.5,5.5,0
EUR,58,7,6.76,6.76,0
US,4390,7,5.52,5.52,0
EUR,110,5,37.5,1.23,1
EUR,595,7,37.51,1.23,1
EUR,1635,10,37.51,1.23,1
EUR,1179,10,37.61,1.23,1
US,2349,7,8.5,3.6,1
US,2349,7,8.5,3.6,1
US,2349,7,8.5,3.6,1
US,8101,3,30.99,0.99,1
US,2349,7,8.75,3.6,1
GBP,507,7,57.11,1.77,1
EUR,199,7,19.98,2.45,1
US,2349,7,9,3.6,1
GBP,197,7,11.6,8.91,1
US,1265,7,5.7,5.7,0
US,1266,7,5.7,5.7,0
EUR,595,7,39.97,1.23,1
EUR,638,10,39.97,1.23,1
US,2349,7,9.11,3.6,1
US,2220,3,33.14,0.99,1
EUR,595,7,40.58,1.23,1
US,4398,5,5.75,5.75,0
US,4390,7,5.75,5.75,0
US,2349,7,9.26,3.6,1
GBP,632,7,11.96,8.91,1
EUR,595,10,41.2,1.23,1
US,31,7,34,0.99,1
US,2220,3,34.06,0.99,1
US,3277,3,8.5,4,1
EUR,58,10,8.65,6.15,1
US,2349,7,9.8,3.6,1
US,3385,7,11.8,2.99,1
EUR,1405,10,22.14,2.45,1
EUR,2038,5,22.15,2.45,1
GBP,265,1,10.69,10.69,0
US,76,3,5.99,5.99,0
US,809,3,5.99,5.99,0
US,1215,5,5.99,5.99,0
US,3955,5,5.99,5.99,0
US,4398,5,5.99,5.99,0
US,1155,7,5.99,5.99,0
US,1155,7,5.99,5.99,0
US,1155,7,5.99,5.99,0
US,1155,7,5.99,5.99,0
US,1155,7,5.99,5.99,0
US,1155,7,5.99,5.99,0
US,1155,7,5.99,5.99,0
US,2191,7,5.99,5.99,0
US,3227,7,5.99,5.99,0
US,4390,7,5.99,5.99,0
US,4397,7,5.99,5.99,0
EUR,1634,10,7.37,7.37,0
EUR,657,10,7.38,7.38,0
EUR,1304,10,7.38,7.38,0
EUR,1304,10,7.38,7.38,0
EUR,1351,5,44.28,1.23,1
EUR,157,7,22.15,2.46,1
US,421,5,7.25,4.99,1
US,2220,3,36.55,0.99,1
US,2349,7,10.11,3.6,1
GBP,955,7,66.03,1.78,1
EUR,637,10,15.86,3.57,0
EUR,595,7,46.12,1.23,1
GBP,21,7,22.33,5.35,1
US,2349,7,10.5,3.6,1
US,2349,7,10.5,3.6,1
EUR,1545,10,23.48,2.45,1
EUR,2168,7,15.93,3.63,0
EUR,4680,7,15.97,3.68,0
EUR,5701,10,15.97,3.68,0
US,3864,7,6.49,5.99,1
US,4390,7,6.53,5.99,1
EUR,106,7,49.26,1.23,1
EUR,2016,5,17.01,3.57,1
US,2220,3,40.56,0.99,1
EUR,1179,7,49.79,1.23,1
EUR,37,5,49.8,1.23,1
EUR,109,5,49.8,1.23,1
US,2349,7,11.5,3.6,1
EUR,109,5,51.03,1.23,1
EUR,41,7,51.03,1.23,1
GBP,121,7,74.96,1.77,1
US,1155,7,6.45,6.45,0
EUR,137,10,51.17,1.23,1
US,439,3,6.47,6.47,0
US,1405,5,10.5,3.99,1
US,3385,7,10.5,3.99,1
US,4390,7,6.49,6.49,0
US,138,5,42.58,0.99,1
US,686,7,6.5,6.5,0
US,686,7,6.5,6.5,0
US,686,7,6.5,6.5,0
US,686,7,6.5,6.5,0
US,686,7,6.5,6.5,0
US,686,7,6.5,6.5,0
US,686,7,6.5,6.5,0
US,686,7,6.5,6.5,0
US,686,7,6.5,6.5,0
US,686,7,6.5,6.5,0
US,686,7,6.5,6.5,0
US,686,7,6.5,6.5,0
US,686,7,6.5,6.5,0
US,686,7,6.5,6.5,0
US,686,7,6.5,6.5,0
US,686,7,6.5,6.5,0
US,686,7,6.5,6.5,0
US,686,7,6.5,6.5,0
US,686,7,6.5,6.5,0
US,686,7,6.5,6.5,0
US,686,7,6.5,6.5,0
US,686,7,6.5,6.5,0
US,686,7,6.5,6.5,0
US,686,7,6.5,6.5,0
US,686,7,6.5,6.5,0
US,686,7,6.5,6.5,0
US,686,7,6.5,6.5,0
EUR,1197,10,52.26,1.23,1
US,2349,7,11.99,3.6,1
US,2349,7,12.03,3.6,1
EUR,93,10,54.18,1.23,1
EUR,1405,10,27.52,2.45,1
US,1155,7,6.95,6.45,1
US,216,7,7.5,6,1
US,2349,7,12.5,3.6,1
EUR,71,7,55.94,1.23,1
US,686,7,7,6.5,1
US,81,7,11.5,3.99,1
EUR,1405,10,28.48,2.45,1
US,1266,7,6.79,6.79,0
US,966,7,15.5,2.99,1
EUR,118,7,57.18,1.23,1
US,2349,7,13,3.6,1
US,2349,7,13.01,3.6,1
US,1054,5,61,0.77,1
EUR,18,5,12.91,5.53,1
US,2220,3,48,0.99,1
EUR,158,3,8.49,8.49,0
US,2349,7,13.26,3.6,1
EUR,5701,10,19.68,3.68,1
US,351,3,6.95,6.95,0
US,351,3,6.95,6.95,0
EUR,1139,5,8.55,8.55,0
EUR,91,10,59.52,1.23,1
GBP,34,7,173.12,0.89,1
EUR,1911,10,20.03,3.68,1
US,50,3,6.99,6.99,0
US,1375,5,6.99,6.99,0
US,1840,5,6.99,6.99,0
US,1922,5,6.99,6.99,0
US,2179,5,6.99,6.99,0
US,2179,5,6.99,6.99,0
US,2179,5,6.99,6.99,0
US,2179,5,6.99,6.99,0
US,2179,5,6.99,6.99,1
US,6655,5,6.99,6.99,0
US,1155,7,6.99,6.99,0
US,1155,7,6.99,6.99,0
US,1155,7,6.99,6.99,0
US,2993,7,6.99,6.99,0
US,3227,7,6.99,6.99,0
US,3613,7,6.99,6.99,0
US,3613,7,6.99,6.99,0
US,3613,7,6.99,6.99,0
US,4390,7,6.99,6.99,0
US,4390,7,6.99,6.99,0
US,4390,7,6.99,6.99,0
US,4390,7,6.99,6.99,0
US,4390,7,6.99,6.99,0
US,9003,7,6.99,6.99,0
US,4390,7,8.18,5.99,1
US,3277,3,7,7,0
EUR,205,7,8.61,8.61,0
EUR,2168,7,8.61,8.61,0
US,2944,7,7,7,0
EUR,613,10,8.61,8.61,0
EUR,266,3,61,1.23,1
US,3613,7,12.55,3.99,1
EUR,393,10,31.11,2.45,1
EUR,266,3,62.09,1.23,1
US,2349,7,14.5,3.6,1
US,1155,7,7.49,6.99,1
US,9003,7,7.49,6.99,1
US,8100,1,10.5,4.99,1
US,3864,7,10.5,4.99,1
EUR,1313,7,32.72,2.45,1
US,2349,7,15,3.6,1
EUR,2016,7,9.16,9.16,0
US,2696,7,11.12,5,1
US,2349,7,15.5,3.6,1
US,3613,7,8.01,6.99,1
EUR,1130,10,17.22,4.92,0
EUR,71,10,69.04,1.23,1
US,2046,5,7.5,7.5,0
US,2046,5,7.5,7.5,0
US,2046,5,7.5,7.5,0
US,2046,5,7.5,7.5,0
US,2046,5,7.5,7.5,0
US,2046,5,7.5,7.5,0
US,2046,5,7.5,7.5,0
US,2046,5,7.5,7.5,0
US,2944,7,7.5,7.5,0
EUR,393,10,35.02,2.45,1
US,1129,10,56.95,1,1
EUR,1905,10,14.13,6.15,1
EUR,4153,10,35.52,2.46,1
US,2319,7,10.01,5.99,1
US,2046,5,8,7.5,1
EUR,1545,10,37.5,2.45,1
EUR,56,7,75.01,1.23,1
US,2349,7,17.1,3.6,1
US,2349,7,17.1,3.6,1
US,2349,7,17.26,3.6,1
US,2760,10,62.99,0.99,1
US,9003,7,12.5,4.99,1
US,405,5,8.95,6.99,1
US,2179,5,9,6.99,1
US,212,7,9.01,6.99,1
US,2349,7,17.51,3.6,1
US,351,3,7.95,7.95,0
US,4390,7,7.95,7.95,1
EUR,1365,10,9.78,9.78,0
EUR,266,3,78.32,1.23,1
US,50,3,7.99,7.99,0
US,50,3,7.99,7.99,0
US,50,3,7.99,7.99,1
US,1405,3,7.99,7.99,0
US,1215,5,7.99,7.99,0
US,1215,5,7.99,7.99,0
US,1215,5,7.99,7.99,0
US,2132,5,7.99,7.99,0
US,1155,7,7.99,7.99,0
US,1155,7,7.99,7.99,0
US,1155,7,7.99,7.99,0
US,1155,7,7.99,7.99,0
US,1155,7,7.99,7.99,0
US,1155,7,7.99,7.99,0
US,1155,7,7.99,7.99,0
US,1375,7,7.99,7.99,0
GBP,1390,7,14.26,14.26,0
GBP,1390,7,14.26,14.26,0
US,3613,7,7.99,7.99,0
US,3613,7,7.99,7.99,0
US,3613,7,7.99,7.99,0
EUR,205,7,9.84,9.84,0
US,216,7,8,8,0
EUR,618,7,9.84,9.84,0
EUR,618,7,9.84,9.84,0
EUR,5701,10,39.35,2.46,0
GBP,88,7,15.26,13.37,1
US,686,7,9.99,6.5,1
EUR,200,7,17.83,5.53,0
US,2349,7,18.26,3.6,1
US,2349,7,18.29,3.6,1
EUR,109,7,81.16,1.23,1
EUR,4,10,81.16,1.23,1
EUR,1405,10,40.91,2.45,1
US,2349,7,18.61,3.6,1
EUR,5701,10,41.2,2.46,1
US,4390,7,8.2,8.2,0
US,2046,5,9.01,7.5,1
US,106,3,67.66,1,1
US,1155,7,8.49,7.99,1
US,1155,7,8.5,7.99,1
GBP,632,7,24.99,8.91,1
EUR,479,7,85.92,1.23,1
US,10,5,70,1,1
US,2349,7,19.5,3.6,1
US,3385,7,10.13,6.99,1
EUR,1581,7,87.31,1.23,1
EUR,1635,10,87.31,1.23,1
US,2046,5,9.5,7.5,1
US,2349,7,20,3.6,1
US,1135,10,73.52,0.99,1
EUR,2016,5,18.32,6.02,0
EUR,279,10,18.32,6.02,0
GBP,88,7,18.74,12.48,1
EUR,393,10,45.5,2.45,1
US,2349,7,20.5,3.6,1
EUR,1365,10,18.38,6.09,0
EUR,1365,10,18.38,6.09,0
EUR,1365,10,18.38,6.09,0
EUR,1166,7,18.43,6.14,0
EUR,1166,7,18.43,6.14,0
EUR,1166,7,18.43,6.14,0
EUR,678,5,18.45,6.15,0
EUR,618,7,18.45,6.15,0
EUR,18,10,18.45,6.15,0
EUR,907,10,18.45,6.15,0
US,4390,7,9.47,7.95,1
US,686,7,11.67,6.5,1
US,6904,1,8.87,8.87,0
US,9003,7,10.55,7.49,1
US,39,3,80,1,1
EUR,1139,5,11.01,11.01,1
EUR,1365,10,11.01,11.01,0
EUR,1405,10,49.79,2.45,1
US,133,5,8.99,8.99,0
US,133,5,8.99,8.99,0
US,1155,7,8.99,8.99,0
US,1155,7,8.99,8.99,0
US,1155,7,8.99,8.99,0
US,1155,7,8.99,8.99,0
US,1155,7,8.99,8.99,0
US,1155,7,8.99,8.99,0
US,1155,7,8.99,8.99,0
US,3385,7,8.99,8.99,0
US,3385,7,8.99,8.99,0
US,3613,7,8.99,8.99,0
US,3613,7,8.99,8.99,0
EUR,1349,7,11.07,11.07,0
EUR,2168,7,11.07,11.07,0
EUR,5701,10,11.07,11.07,0
EUR,5701,10,11.07,11.07,0
EUR,5701,10,11.07,11.07,0
EUR,5701,10,11.07,11.07,0
EUR,5701,10,11.07,11.07,0
EUR,5701,10,11.07,11.07,0
EUR,5701,10,11.07,11.07,0
EUR,5701,10,11.07,11.07,0
EUR,5701,10,11.07,11.07,0
EUR,5701,10,11.07,11.07,0
EUR,5701,10,11.07,11.07,0
US,2349,7,23.09,3.6,1
US,2349,7,23.15,3.6,1
US,1155,7,10.5,7.99,1
US,181,5,21.08,3.99,1
US,686,7,13,6.5,1
EUR,2168,7,11.67,11.06,1
EUR,5701,10,11.68,11.07,1
EUR,5769,10,11.68,11.07,1
US,3385,7,9.42,9.42,0
EUR,595,5,110.53,1.23,1
EUR,5701,10,12.3,11.07,1
EUR,5701,10,12.31,11.07,1
EUR,1719,7,12.32,11.07,1
US,686,7,9.5,9.5,0
US,686,7,9.5,9.5,0
US,686,7,9.5,9.5,0
US,686,7,9.5,9.5,0
US,686,7,9.5,9.5,1
EUR,384,7,111.91,1.23,1
US,1375,7,11.5,7.99,1
US,12,7,18.5,5,1
US,841,7,13.25,6.99,1
EUR,524,5,114.48,1.23,1
US,2349,7,26,3.6,1
US,2349,7,26.01,3.6,1
EUR,2507,10,16.6,8.6,1
EUR,157,7,12.91,11.07,1
EUR,2168,7,29.45,4.86,0
EUR,2168,7,29.45,4.86,0
EUR,2168,7,23.84,6.09,1
EUR,1130,7,19.68,7.38,0
EUR,3375,10,19.68,7.38,0
US,121,3,197.5,0.5,1
EUR,2168,7,24.6,6.09,1
EUR,4153,10,40.58,3.69,0
US,351,3,9.95,9.95,0
US,2286,7,9.95,9.95,0
US,2286,7,9.95,9.95,0
US,2286,7,9.95,9.95,0
US,5180,7,9.95,9.95,0
US,5564,7,9.95,9.95,0
EUR,1365,10,12.24,12.24,0
EUR,1365,10,12.24,12.24,0
EUR,1365,10,12.24,12.24,0
EUR,1365,10,12.24,12.24,0
EUR,1365,10,12.24,12.24,0
EUR,1365,10,12.24,12.24,0
EUR,1365,10,12.24,12.24,0
EUR,1365,10,12.24,12.24,0
EUR,1365,10,12.24,12.24,0
EUR,1365,10,12.24,12.24,0
EUR,537,10,13.72,10.95,1
US,18,3,9.99,9.99,0
US,626,3,9.99,9.99,0
US,2169,3,9.99,9.99,0
US,2169,3,9.99,9.99,0
US,5017,3,9.99,9.99,1
US,133,5,9.99,9.99,0
EUR,942,5,12.29,12.29,0
US,957,5,9.99,9.99,0
US,1127,5,9.99,9.99,0
US,1265,5,9.99,9.99,0
US,1405,5,9.99,9.99,0
EUR,65,7,12.29,12.29,0
US,216,7,9.99,9.99,0
US,541,7,9.99,9.99,0
US,688,7,9.99,9.99,0
US,814,7,9.99,9.99,0
US,814,7,9.99,9.99,0
US,814,7,9.99,9.99,0
US,985,7,9.99,9.99,0
US,1256,7,9.99,9.99,0
US,1256,7,9.99,9.99,0
US,1375,7,9.99,9.99,0
US,1375,7,9.99,9.99,0
US,1375,7,9.99,9.99,1
US,2993,7,9.99,9.99,0
GBP,3380,7,17.83,17.83,0
US,3385,7,9.99,9.99,0
US,3385,7,9.99,9.99,0
US,3385,7,9.99,9.99,1
US,3613,7,9.99,9.99,0
US,4390,7,9.99,9.99,0
EUR,4680,7,12.29,12.29,0
US,5450,7,9.99,9.99,0
US,5450,7,9.99,9.99,0
US,5450,7,9.99,9.99,0
US,9003,7,9.99,9.99,0
US,9003,7,9.99,9.99,0
US,9003,7,9.99,9.99,0
EUR,83,10,12.29,12.29,0
EUR,83,10,12.29,12.29,0
US,1124,10,9.99,9.99,0
EUR,163,10,122.95,1.23,1
EUR,1853,7,12.3,12.3,0
EUR,3375,10,12.3,12.3,0
EUR,163,7,124.2,1.23,1
EUR,19,10,124.2,1.23,1
US,20,5,103.55,0.99,1
EUR,27,10,126.66,1.23,1
US,2349,7,28.87,3.6,1
EUR,1139,3,12.85,12.24,1
US,1647,5,10.45,9.95,1
US,5017,3,10.49,9.99,1
US,5450,7,10.49,9.99,1
US,5450,7,10.49,9.99,1
US,8101,3,10.5,9.99,1
US,985,7,10.5,9.99,1
EUR,533,7,25.82,6.15,1
US,541,7,10.75,9.99,1
GBP,18,7,31.98,10.71,1
EUR,1365,10,27.48,6.09,1
US,1155,7,12.37,8.99,1
EUR,182,10,13.71,12.28,1
US,3385,7,12.5,8.99,1
US,2220,3,115.27,0.99,1
US,2349,7,31.76,3.6,1
US,4390,7,11.5,9.99,1
US,9003,7,11.51,9.99,1
EUR,595,5,141.54,1.23,1
EUR,595,5,142.65,1.23,1
US,3385,7,13,8.99,1
US,18,3,29.5,4,1
EUR,2168,7,13.47,13.47,0
US,5257,3,10.99,10.99,0
US,5257,3,10.99,10.99,0
US,5257,3,10.99,10.99,0
US,2191,5,10.99,10.99,0
US,4397,7,10.99,10.99,0
US,2349,10,33.89,3.6,1
EUR,164,7,30.62,6.03,0
EUR,1329,10,30.62,6.03,0
US,3227,7,12.26,9.99,1
EUR,2168,7,21.52,8.61,1
EUR,157,7,16.81,11.07,1
US,1155,7,15.5,7.99,1
US,405,5,12.5,9.99,1
US,1375,7,12.52,9.99,1
GBP,404,5,22.49,17.83,1
US,166,5,21.33,6,1
US,1375,7,12.84,9.99,1
US,18,3,13,9.99,1
US,584,5,26,5,1
US,4556,5,26,5,1
EUR,305,10,161.08,1.23,1
US,1647,5,13.95,9.95,1
US,541,7,15.5,8.99,1
US,352,3,11.95,11.95,0
US,3385,7,11.95,11.95,0
EUR,5701,10,19.64,11.07,1
US,814,3,11.99,11.99,0
US,2168,3,11.99,11.99,0
US,3385,7,11.99,11.99,0
US,3385,7,11.99,11.99,0
US,3385,7,11.99,11.99,0
US,3385,7,11.99,11.99,0
US,3385,7,11.99,11.99,0
EUR,392,7,22.14,9.84,0
GBP,593,7,21.42,21.42,0
EUR,3375,7,22.14,9.84,0
EUR,846,10,22.14,9.84,0
US,686,7,22.67,6.5,1
US,2349,7,41.51,3.6,1
EUR,2168,7,20.44,11.07,1
US,841,5,30,4.99,1
US,5564,7,12.25,12.25,0
EUR,844,10,185.69,1.23,1
EUR,50,5,186.38,1.23,1
EUR,846,10,23.44,9.84,1
US,523,7,15.5,9.99,1
US,1375,7,15.5,9.99,1
US,1375,7,15.5,9.99,1
US,3385,7,15.55,9.99,1
US,3385,7,13,11.99,1
EUR,479,7,191.84,1.23,1
US,3385,7,13.05,11.99,1
EUR,709,10,38.76,6.14,1
EUR,10,10,197.99,1.23,1
EUR,100,10,25.21,9.84,1
EUR,100,10,25.21,9.84,1
US,541,7,16.5,9.99,1
US,131,10,16.5,9.99,1
US,5812,5,12.92,12.92,0
EUR,370,7,41.21,6.14,1
US,2220,3,169.87,0.99,1
US,5257,3,12.99,12.99,0
US,983,5,12.99,12.99,0
EUR,3090,10,23.35,11.05,0
EUR,730,5,23.37,11.07,0
EUR,1166,7,23.37,11.07,0
EUR,5701,10,23.37,11.07,0
EUR,5701,10,23.37,11.07,0
EUR,5701,10,23.37,11.07,0
US,56,7,175,0.99,1
EUR,2168,7,23.92,11.01,1
US,206,5,17.55,9.95,1
US,576,7,17.5,9.99,1
US,1155,7,13.5,12.99,1
EUR,5701,10,23.98,11.07,1
US,686,7,27.17,6.5,1
US,387,7,36,5,1
US,1647,5,18.25,9.95,1
US,3277,3,26.01,7,1
US,123,7,37,5,1
US,988,7,27.78,6.75,1
US,1647,5,18.86,9.95,1
US,59,3,19,9.99,1
EUR,1719,1,24.23,11.93,0
US,5271,5,13.95,13.95,0
US,3613,7,19.49,9.99,1
US,9003,7,26,7.49,1
US,1647,5,19.59,9.95,1
US,1265,5,13.99,13.99,0
EUR,2168,7,27.05,11,1
EUR,678,7,54.65,5.46,0
EUR,2168,3,24.53,12.23,0
EUR,2168,5,24.53,12.23,0
EUR,1122,10,24.53,12.23,0
US,3385,7,16.56,11.99,1
US,362,5,199,1,1
EUR,1661,7,24.58,12.28,0
US,2349,7,56.03,3.6,1
EUR,2016,5,49.8,6.15,1
US,359,7,20.39,9.99,1
US,1647,5,20.5,9.95,1
US,133,5,22.76,8.99,1
US,1602,7,20.5,9.99,1
EUR,5701,10,25.22,12.28,1
US,1215,5,26,7.99,1
US,3613,7,16.01,12.99,1
US,985,7,21.61,9.99,1
EUR,5701,5,44.27,7.38,0
EUR,5701,10,44.27,7.38,0
US,60,5,21.65,9.99,1
US,302,7,77.55,2.85,1
US,5811,3,14.92,14.92,0
US,534,7,14.95,14.95,0
US,534,7,14.95,14.95,0
US,534,7,14.95,14.95,0
US,534,7,14.95,14.95,0
US,5257,3,14.99,14.99,0
US,5257,3,14.99,14.99,0
US,5257,3,14.99,14.99,0
US,790,5,14.99,14.99,0
US,1215,5,14.99,14.99,0
US,534,7,14.99,14.99,0
US,2993,7,14.99,14.99,0
US,3306,7,14.99,14.99,0
US,3613,7,14.99,14.99,0
US,4457,3,15,15,0
EUR,5052,10,30.85,11.07,1
EUR,2168,7,31.36,11.01,1
US,2168,3,15.49,14.99,1
US,5257,3,15.5,14.99,1
US,2349,7,66,3.6,1
US,336,7,122.5,2,1
US,1375,7,25,9.99,1
GBP,201,7,49.78,16.05,1
US,5812,5,15.92,15.92,0
US,534,7,17,14.95,1
EUR,278,7,31.36,12.29,1
US,957,5,15.99,15.99,0
US,1574,7,26.07,9.95,1
US,67,5,26,9.99,1
US,985,7,26,9.99,1
US,1540,7,26,9.99,1
US,2993,7,26,9.99,1
US,28,7,26,10,1
US,109,5,21.71,11.99,1
EUR,5701,3,35.66,11.07,0
EUR,5701,10,35.66,11.07,0
EUR,5701,10,35.66,11.07,0
US,534,7,17.5,14.95,1
US,534,7,17.5,14.95,1
US,2993,7,17.51,14.99,1
EUR,4641,10,67.62,6.14,0
US,112,7,28,9.99,1
US,3613,7,31.59,8.99,1
US,5257,3,16.99,16.99,0
US,5257,3,16.99,16.99,0
US,534,7,19.45,14.95,1
EUR,164,7,36.77,12.17,0
EUR,164,7,36.77,12.17,0
EUR,164,7,36.77,12.17,0
EUR,164,7,36.77,12.17,0
EUR,2168,7,41.2,11.07,1
US,3277,3,33.56,9,1
US,2262,7,61.59,4.95,1
US,110,1,31.01,9.99,1
US,148,7,52.23,5.99,1
US,2993,7,21.49,14.99,1
US,2046,7,17.95,17.95,0
US,2046,7,17.95,17.95,0
US,2046,7,17.95,17.95,0
US,2046,7,17.95,17.95,0
US,1647,5,32.51,9.95,1
US,2433,3,18,18,0
US,985,7,33.25,9.99,1
US,1266,5,18.25,18.25,0
US,985,7,33.5,9.99,1
US,634,1,18.49,18.49,0
US,678,10,41,8.5,1
GBP,22,7,62.46,17.83,1
EUR,164,5,43.66,12.18,1
EUR,164,7,43.77,12.18,1
EUR,164,7,44.15,12.18,1
EUR,5701,10,48.59,11.07,1
US,1647,5,36,9.95,1
US,1848,7,36,9.99,1
US,4398,1,18.99,18.99,0
US,837,3,18.99,18.99,0
US,4398,5,18.99,18.99,0
US,4398,5,18.99,18.99,0
US,1364,7,18.99,18.99,0
EUR,37,3,49.8,11.07,1
US,387,7,74.75,5,1
EUR,316,10,59.03,9.84,0
EUR,164,5,49.07,12.18,0
EUR,164,7,49.07,12.18,0
EUR,164,7,49.07,12.18,1
US,2046,5,19.95,19.95,0
US,2046,5,19.95,19.95,0
US,4028,5,19.95,19.95,0
US,534,7,19.95,19.95,0
US,2046,7,19.95,19.95,0
US,2046,7,19.95,19.95,0
US,2046,7,19.95,19.95,0
US,790,5,19.99,19.99,0
US,957,5,19.99,19.99,0
US,1051,5,19.99,19.99,0
US,1220,5,19.99,19.99,0
US,2993,7,19.99,19.99,0
US,4390,7,19.99,19.99,0
US,664,3,20,20,0
EUR,730,5,24.6,24.6,0
US,801,3,26.99,14.99,1
US,2993,7,27.17,14.99,1
US,133,5,45.44,8.99,1
EUR,627,10,56.57,11.07,1
US,434,7,41.5,9.99,1
US,542,7,27.95,14.99,1
US,756,3,20.5,20.5,0
US,2358,5,42.77,9.99,1
US,3385,7,43,9.99,1
GBP,277,7,76.74,17.85,1
US,5271,7,20.95,20.95,0
EUR,164,5,55.95,12.17,1
EUR,164,7,55.95,12.17,1
US,3385,7,38.5,11.99,1
US,501,7,52,9,1
US,4283,5,23.5,19.99,1
US,534,7,23.86,19.95,1
US,83,5,48,9.99,1
US,4397,7,21.99,21.99,0
US,816,3,22,22,0
EUR,164,5,60.63,12.18,1
US,2433,3,22.5,22,1
US,2046,5,25,19.95,1
EUR,164,7,62.72,12.18,1
US,8101,3,51,9.99,1
US,6586,3,25.49,19.99,1
US,1820,10,52.01,9.99,1
US,1809,7,26.07,19.99,1
US,5257,3,31,16.95,1
US,572,7,22.95,22.95,0
US,572,7,22.95,22.95,0
EUR,1405,7,72.56,11.07,0
EUR,1405,7,72.56,11.07,0
US,534,7,35.75,14.95,1
EUR,58,10,33.45,24.6,1
EUR,205,7,33.82,24.6,1
US,1304,7,23.5,23.5,0
US,534,7,28,19.99,1
EUR,164,7,73.35,12.17,1
EUR,164,5,73.66,12.17,0
US,1620,10,60,9.95,1
EUR,164,5,75.01,12.17,1
US,280,3,24.77,24.77,0
US,790,5,31,19.99,1
US,351,3,24.95,24.95,0
US,3385,7,24.95,24.95,0
US,1779,1,24.99,24.99,0
US,4398,3,24.99,24.99,0
US,1163,7,24.99,24.99,0
US,2944,7,24.99,24.99,1
US,3004,7,24.99,24.99,0
US,9747,5,25,25,0
US,5939,10,25,25,0
EUR,164,5,81.16,12.17,1
US,62,5,66,9.99,1
US,359,7,66,9.99,1
US,534,7,33,19.99,1
US,88,5,71,9.99,1
EUR,536,10,97.15,11.07,0
US,8,5,47.78,15,1
US,148,7,120.5,5.99,1
US,1155,7,26.99,26.99,0
US,4390,7,27,27,0
US,5564,7,27,27,0
US,985,7,75,9.99,1
US,5257,3,27.95,27.95,0
US,17,7,79,9.99,1
EUR,164,7,98.26,12.17,0
US,704,7,32.03,24.99,1
US,534,7,41,19.95,1
US,112,5,28.99,28.99,0
US,816,5,29,29,0
US,1100,3,86,9.99,1
US,2358,5,86,9.99,1
US,3325,3,86.04,9.99,1
US,957,3,87.67,9.99,1
US,534,7,29.95,29.95,0
US,572,7,29.95,29.95,0
US,3385,7,29.95,29.95,0
US,3385,7,29.95,29.95,0
US,841,3,29.99,29.99,0
US,534,7,29.99,29.99,0
GBP,1147,7,53.52,53.52,0
US,1155,7,29.99,29.99,0
US,1256,7,29.99,29.99,0
US,5564,7,29.99,29.99,0
EUR,7,3,36.89,36.89,0
US,2218,3,30,30,0
US,572,5,30,30,0
US,33,7,91,10,1
EUR,164,7,118.06,12.17,1
US,6787,7,56,16.99,1
US,1364,5,30.95,30.95,0
US,361,1,31,31,0
US,933,1,51,19.99,1
GBP,277,7,182.04,17.85,1
US,5271,7,31.95,31.95,0
US,4457,7,32,32,0
US,534,7,34.66,29.95,1
US,29,5,43,24.99,1
US,352,5,32.95,32.95,0
US,4390,7,32.95,32.95,0
US,2358,5,114.5,9.99,1
US,2304,7,37,31,1
US,2427,3,33.95,33.95,0
US,2427,3,33.95,33.95,0
US,2427,3,33.95,33.95,0
US,320,3,117.5,9.99,1
US,320,3,120.99,9.99,1
US,671,5,34.95,34.95,0
US,1405,3,34.99,34.99,0
US,3004,7,34.99,34.99,0
US,3004,7,34.99,34.99,0
US,3004,7,34.99,34.99,0
US,3004,7,34.99,34.99,0
US,4457,7,35,35,0
US,320,3,124.5,9.99,1
US,180,7,51,24.95,1
US,62,5,127.63,9.99,1
US,3004,7,36.99,34.99,1
US,1364,7,35.99,35.99,0
US,5564,5,36,36,0
US,1222,5,43.78,30,1
US,2427,3,38.95,33.95,1
US,5564,5,37,37,0
US,3004,7,40,34.99,1
US,29,7,150,9.99,1
US,2944,7,60,24.99,1
US,2427,3,38.99,38.99,0
US,2427,3,38.99,38.99,0
US,2427,3,38.99,38.99,0
US,5,5,77,19.99,1
US,3004,7,44.01,34.99,1
US,715,5,39.5,39.5,0
US,671,5,39.95,39.95,0
US,671,5,39.95,39.95,0
US,1663,3,39.99,39.99,0
US,320,3,162.5,9.99,1
US,696,7,163,9.99,1
US,507,7,163.72,9.99,1
US,1,7,65.87,25,1
US,534,7,47.52,34.95,1
US,2358,5,167.5,9.99,1
US,4390,7,41.49,41.49,0
US,1364,7,42,42,0
US,1162,5,177.5,9.99,1
US,475,7,71,25,1
US,3004,7,51,34.99,1
US,648,5,48,39,1
US,534,7,65.29,29.95,1
US,1,5,197.5,9.99,1
US,671,5,44.95,44.95,0
US,671,5,44.95,44.95,0
US,3004,7,44.99,44.99,0
US,671,5,47.5,47.5,0
US,671,5,47.5,47.5,0
US,8,7,91,25,1
US,2992,3,49.95,49.95,0
US,352,5,49.95,49.95,0
US,3385,7,49.95,49.95,0
US,3385,7,49.95,49.95,0
US,534,7,49.99,49.99,0
US,3004,7,49.99,49.99,0
US,552,3,50,50,1
US,2191,7,50,50,1
US,3004,7,63,39.99,1
US,1,7,52,50,1
US,5564,5,52,52,0
US,671,5,61,44.95,1
US,2191,7,56,50,1
US,2944,7,56.02,49.99,1
US,1,7,81,35,1
US,671,5,66.77,44.95,1
US,1321,3,152.5,19.99,1
US,1948,7,157.54,19.95,1
US,812,7,63,49.99,1
US,5564,7,59,59,0
US,2992,3,59.95,59.95,0
US,133,7,104.49,35,1
US,3004,7,63,59.99,1
US,3004,7,66,59.99,1
US,1364,5,65.95,65.95,0
US,3246,3,67.95,67.95,0
EUR,668,10,166.02,43.04,1
US,2992,5,74,65,1
US,8,5,69.99,69.99,1
US,5564,5,73,73,0
US,1364,7,76.5,76.5,0
US,2992,3,79,79,1
US,3385,7,79.95,79.95,0
US,2358,5,79.99,79.99,0
US,993,7,79.99,79.99,0
US,993,7,80.99,79.99,1
US,993,7,80.99,79.99,1
US,2992,5,82.95,82.95,0
US,1364,5,83.95,83.95,0
US,2992,5,86,82.95,1
US,1364,5,85,85,0
US,146,7,85,85,0
US,534,7,103.5,69.99,1
US,2992,5,93,82.95,1
US,1364,7,89,89,0
US,146,3,89.95,89.95,0
US,2992,3,89.95,89.95,0
US,2992,3,89.95,89.95,0
US,2992,3,89.95,89.95,0
US,2992,3,89.95,89.95,0
US,2992,3,89.95,89.95,0
US,146,5,89.95,89.95,0
US,1364,5,89.95,89.95,0
US,1364,7,90,90,0
US,10,5,170.5,50,1
US,2992,3,99.09,89.95,1
US,2992,3,95,95,0
US,146,5,95,95,0
US,156,7,187.5,50,1
US,2992,3,99.95,99.95,0
US,2992,3,99.95,99.95,0
US,993,7,99.99,99.99,0
US,993,7,99.99,99.99,0
US,993,7,99.99,99.99,0
US,993,7,99.99,99.99,0
US,993,7,99.99,99.99,0
US,1131,10,100,100,0
US,301,7,117.5,93.63,1
US,1364,5,108,108,0
US,534,7,154.23,79.99,1
US,146,5,115,115,0
US,1364,7,117,117,0
US,2992,3,121.5,119,1
US,251,1,145,99.99,1
US,2992,3,122.5,119,1
US,33,7,167.5,90,1
US,1364,7,128,128,0
US,1364,7,128,128,0
US,48,3,177.5,100,1
US,1364,7,135,132,1
US,1364,7,134,134,0
US,5564,5,135,135,0
US,993,7,159.99,159.99,0
US,2992,3,169,169,0
US,5564,3,175,175,0
US,5564,5,192,192,0
US,993,7,199.99,199.99,0
